title,type,grade,subject,content_link,chapter_slug
Scientific Method,document,6,Science and Technology [[विज्ञान तथा प्रविधि]],https://flexbooks.ck12.org/cbook/ck-12-physics-flexbook-2.0/section/1.2/primary/lesson/scientific-method-phys/,1-scientific-study
Scientific Measurement,document,7,Science and Technology [[विज्ञान तथा प्रविधि]],https://gradewise.pustakalaya.org/grade/6/science-and-technology/1-scientific-study/video/dd451f2d-3ee5-44a7-998d-a09fc56b2799,1-scientific-study
नाप,Interactive,8,Science and Technology [[विज्ञान तथा प्रविधि]],https://epaath.olenepal.org/start.html?id=scimes01&lang=np&grade=8,1-scientific-study
Bugs and Birds in Origami,document,9,Science and Technology [[विज्ञान तथा प्रविधि]],https://pustakalaya.org/documents/detail/592843a1-7e1a-4769-b30c-cc2ffa030b53/,1-scientific-study
Origami for Everyone,document,9,Science and Technology [[विज्ञान तथा प्रविधि]],https://pustakalaya.org/documents/detail/81e8a6a3-db4e-435d-a21c-a381c1e50fc3/,1-scientific-study
Basic Computing Using Windows,document,6,Science and Technology [[विज्ञान तथा प्रविधि]],https://pustakalaya.org/documents/detail/3f71c399-6bd6-4238-b52b-74014f86bbf3/,2-information-and-communication-technology
Build Your Own Security,document,8,Science and Technology [[विज्ञान तथा प्रविधि]],https://pustakalaya.org/documents/detail/81e0e9e5-4e71-4e17-b323-0fe7ca50a1a9/,2-information-and-communication-technology
How computers work,video,7,Science and Technology [[विज्ञान तथा प्रविधि]],https://pustakalaya.org/videos/detail/d962b64b-c813-45b0-9f6e-be29b7268a67/,2-information-and-communication-technology
Build Your Own Security,document,7,Science and Technology [[विज्ञान तथा प्रविधि]],https://pustakalaya.org/documents/detail/81e0e9e5-4e71-4e17-b323-0fe7ca50a1a9/,2-information-and-communication-technology
Lost in the internet,document,7,Science and Technology [[विज्ञान तथा प्रविधि]],https://pustakalaya.org/documents/detail/cd67722c-a08f-401e-8d6e-f1b012763071/,2-information-and-communication-technology
Basic computing using windows,document,6,Science and Technology [[विज्ञान तथा प्रविधि]],https://pustakalaya.org/documents/detail/3f71c399-6bd6-4238-b52b-74014f86bbf3/,2-information-and-communication-technology
Mushroom farming,document,9,Science and Technology [[विज्ञान तथा प्रविधि]],https://pustakalaya.org/documents/detail/2e265476-6854-4e47-b62f-74574e93db67/,3-Mushroom
Red mushroom,document,9,Science and Technology [[विज्ञान तथा प्रविधि]],https://pustakalaya.org/documents/detail/b770e97e-8409-4e6c-b4a4-7492bc1ef750/,3-Mushroom
Buttom mushroom,document,9,Science and Technology [[विज्ञान तथा प्रविधि]],https://pustakalaya.org/documents/detail/8400da55-085a-4f27-8eec-4ad628dc54c2/,3-Mushroom
Oyester mushroom,document,9,Science and Technology [[विज्ञान तथा प्रविधि]],https://pustakalaya.org/documents/detail/84bc2add-5169-4d3d-ac44-423fc267546a/,3-Mushroom
Mushroom farming industry,document,9,Science and Technology [[विज्ञान तथा प्रविधि]],https://pustakalaya.org/documents/detail/2e265476-6854-4e47-b62f-74574e93db67/,3-Mushroom
Wild honey bees of nepal,document,10,Science and Technology [[विज्ञान तथा प्रविधि]],https://pustakalaya.org/documents/detail/7da2e101-324f-4844-b6f5-592524bb3263/,2-classification-of-living-beings
Human body system,document,10,Science and Technology [[विज्ञान तथा प्रविधि]],https://pustakalaya.org/documents/detail/4de8edf5-71e0-4d83-bc91-bf27a2835bd1/,2-classification-of-living-beings
Endangered animals in Nepal,document,10,Science and Technology [[विज्ञान तथा प्रविधि]],https://pustakalaya.org/documents/detail/1d8a6d46-22e7-417a-b394-14f643f7bccc/,2-classification-of-living-beings
climate change and dependency in farming,document,10,Science and Technology [[विज्ञान तथा प्रविधि]],https://pustakalaya.org/documents/detail/b375ab54-f7b3-4c13-b4da-7c50a95ea8f2/,2-classification-of-living-beings
Status of climate change in Nepal,document,10,Science and Technology [[विज्ञान तथा प्रविधि]],https://pustakalaya.org/documents/detail/55089cd5-391a-46db-aa8d-5c00cb45641a/,2-classification-of-living-beings
कक्षामा जलवायु परिवर्तनको पठनपाठन,document,10,Science and Technology [[विज्ञान तथा प्रविधि]],https://pustakalaya.org/documents/detail/f45f9d40-bc87-47f3-81c2-2997297a5ba9/,2-classification-of-living-beings
जलवायु परिवर्तन,document,10,Science and Technology [[विज्ञान तथा प्रविधि]],https://pustakalaya.org/documents/detail/56c5791c-07b7-4a94-a433-e5c9f782041c/,2-classification-of-living-beings
जलवायु परिवर्तन : शब्दावली,document,10,Science and Technology [[विज्ञान तथा प्रविधि]],https://pustakalaya.org/documents/detail/017dd5ae-b262-477d-8dd8-ce2fa371deb8/,2-classification-of-living-beings
Climate Change and Atmosphere,Video,10,Science and Technology [[विज्ञान तथा प्रविधि]],https://pustakalaya.org/videos/detail/3cf4b0a5-7a15-46c3-9a57-e3134427f0a3/,2-classification-of-living-beings
पाँच जडीबुटी पुस्तिका,document,10,Science and Technology [[विज्ञान तथा प्रविधि]],https://pustakalaya.org/documents/detail/3037079e-f043-4238-98c8-a0c0ff7291d8/,2-classification-of-living-beings
Gift of the Himalayas,document,10,Science and Technology [[विज्ञान तथा प्रविधि]],https://pustakalaya.org/documents/detail/dcec7185-8fc0-4284-ace3-8aa4ad7eadb5/,2-classification-of-living-beings
Tiger Timeline (1950-2015,document,10,Science and Technology [[विज्ञान तथा प्रविधि]],https://pustakalaya.org/documents/detail/35e81649-7745-471e-b903-458c8d54e63e/,2-classification-of-living-beings
The convention on biological diversity Nepal's 6th National Report,document,10,Science and Technology [[विज्ञान तथा प्रविधि]],https://pustakalaya.org/documents/detail/6c3898b1-aa2e-4936-8ec5-2d3979384a49/,2-classification-of-living-beings
सिमसार वर्णमाला,document,7,Science and Technology [[विज्ञान तथा प्रविधि]],https://pustakalaya.org/documents/detail/28f96aba-96f8-49c6-a179-784dbc94dbca/,4-Biodiversity and The Environment )
दिगो विकास लक्ष्यः स्थानीयकरण स्रोत पुस्तिका,document,8,Science and Technology [[विज्ञान तथा प्रविधि]],https://pustakalaya.org/documents/detail/522807f9-fd37-485e-b8ca-04f26f224b46/,4-Biodiversity and The Environment )
दिगो विकासको लक्ष्यहरूको कार्यान्वयनमा संसदको भूमिका,document,8,Science and Technology [[विज्ञान तथा प्रविधि]],https://pustakalaya.org/documents/detail/f120d154-a873-4bab-b17c-3a158042bd70/,4-Biodiversity and The Environment )
फापरखेती र बीउ उत्पादन प्रविधि,document,8,Science and Technology [[विज्ञान तथा प्रविधि]],https://pustakalaya.org/documents/detail/96e79afb-6e20-4bac-a258-01febe92441c/,5-life-process
गोलभेडाको वर्णशंकर बीउ उत्पादन प्रविधि‚ २०६९,document,8,Science and Technology [[विज्ञान तथा प्रविधि]],https://pustakalaya.org/documents/detail/ad517fbf-3e54-4a89-93c3-6b2420a425c2/,5-life-process
ग्राभिटी रोपवे,document,6,Science and Technology [[विज्ञान तथा प्रविधि]],https://pustakalaya.org/documents/detail/48d5490f-b22c-4cda-bb80-cf4ff6a91b3f/,6-force-and-motion
Friction,document,7,Science and Technology [[विज्ञान तथा प्रविधि]],https://flexbooks.ck12.org/cbook/ck-12-physics-flexbook-2.0/section/3.2/primary/lesson/friction-phys/,6-force-and-motion
Power,document,7,Science and Technology [[विज्ञान तथा प्रविधि]],https://flexbooks.ck12.org/cbook/ck-12-physics-flexbook-2.0/section/7.3/primary/lesson/power-phys/,6-force-and-motion
गुरुत्वाकर्षण,document,8,Science and Technology [[विज्ञान तथा प्रविधि]],https://pustakalaya.org/documents/detail/41146f83-0a3f-457a-9a9e-1b186d3f680d/,6-force-and-motion
Fluid pressure,document,8,Science and Technology [[विज्ञान तथा प्रविधि]],https://flexbooks.ck12.org/cbook/ck-12-middle-school-physical-science-flexbook-2.0/section/12.1/primary/lesson/pressure-in-fluids-ms-ps/,6-force-and-motion
Elasticity,document,9,Science and Technology [[विज्ञान तथा प्रविधि]],https://flexbooks.ck12.org/cbook/ck-12-middle-school-physical-science-flexbook-2.0/section/10.3/primary/lesson/elastic-force-ms-ps/,7-force-and-motion
Newton's law,document,9,Science and Technology [[विज्ञान तथा प्रविधि]],https://flexbooks.ck12.org/cbook/ck-12-middle-school-physical-science-flexbook-2.0/section/11.1/primary/lesson/newtons-first-law-ms-ps/,7-force-and-motion
प्रकाश र छाँया,document,6,Science and Technology [[विज्ञान तथा प्रविधि]],https://pustakalaya.org/documents/detail/9801f01e-a79d-49ac-9711-28adbc7e5560/,10-materials-used-in-daily-life
Busy Busy Sun,document,6,Science and Technology [[विज्ञान तथा प्रविधि]],https://pustakalaya.org/documents/detail/36edf160-a524-4301-a50f-2fe8d23be3cc/,10-materials-used-in-daily-life
Heat and Temperature,document,7,Science and Technology [[विज्ञान तथा प्रविधि]],https://pustakalaya.org/documents/detail/e810ce5e-4f72-469f-aece-5b073c7add56/,10-materials-used-in-daily-life
 Green House,Video,8,Science and Technology [[विज्ञान तथा प्रविधि]],https://pustakalaya.org/videos/detail/b76e161b-6979-4158-8ce4-561041ca0b84/,10-materials-used-in-daily-life
Too Much Noise,document,8,Science and Technology [[विज्ञान तथा प्रविधि]],https://pustakalaya.org/audios/detail/bdd7f9c1-e811-4c75-9ac9-b01328a744c2/,10-materials-used-in-daily-life
Story of Solar Energy,document,9,Science and Technology [[विज्ञान तथा प्रविधि]],https://pustakalaya.org/documents/detail/7b9b9f5e-47f3-42c2-80c2-43db76df0838/,8-Simple machine
Biogas Comes to Madhuban: A Story of Change,document,9,Science and Technology [[विज्ञान तथा प्रविधि]],https://pustakalaya.org/documents/detail/771abfab-ea93-4f1c-b0ba-2dad63c0c7b6/,8-Simple machine
Defects of vision,Video,10,Science and Technology [[विज्ञान तथा प्रविधि]],https://dlc.dwit.edu.np/chapter/show/2464,10-wave
Faraday's law,Interactive,10,Science and Technology [[विज्ञान तथा प्रविधि]],https://phet.colorado.edu/sims/html/faradays-law/latest/faradays-law_all.html,11-electricity
Magnet,Video,10,Science and Technology [[विज्ञान तथा प्रविधि]],https://dlc.dwit.edu.np/chapter/show/2572,11-electricity
Electromagnetism,document,10,Science and Technology [[विज्ञान तथा प्रविधि]],https://flexbooks.ck12.org/cbook/ck-12-physics-flexbook-2.0/section/19.1/primary/lesson/electromagnets-phys/,11-electricity
DC Circuit,Video,10,Science and Technology [[विज्ञान तथा प्रविधि]],https://www.khanacademy.org/science/high-school-physics/dc-circuits,11-electricity
Series Circuits,document,8,Science and Technology [[विज्ञान तथा प्रविधि]],https://flexbooks.ck12.org/cbook/ck-12-physics-flexbook-2.0/section/17.3/primary/lesson/series-circuits-phys/,8-Electricity and magnetism
Parallel Circuits,document,8,Science and Technology [[विज्ञान तथा प्रविधि]],https://flexbooks.ck12.org/cbook/ck-12-physics-flexbook-2.0/section/17.4/primary/lesson/parallel-circuits-phys/,8-Electricity and magnetism
Current electricity,Video,7,Science and Technology [[विज्ञान तथा प्रविधि]],https://dlc.dwit.edu.np/chapter/show/2549,8-Electricity and magnetism
Energy Transfer in Electric Circuits,document,8,Science and Technology [[विज्ञान तथा प्रविधि]],https://flexbooks.ck12.org/cbook/ck-12-physics-flexbook-2.0/section/17.1/primary/lesson/energy-transfer-in-electric-circuits-phys/,8-Electricity and magnetism
Types of mixture,Video,6,Science and Technology [[विज्ञान तथा प्रविधि]],https://www.khanacademy.org/science/bridge-course-class-9th-science/x6eb88c2e9caec515:week-1/x6eb88c2e9caec515:separation-of-substances/v/types-of-mixtures-middle-school-chemistry-khan-academy,9-Matter
Mixture,Video,6,Science and Technology [[विज्ञान तथा प्रविधि]],https://docs.google.com/spreadsheets/d/1cCnaUYAe2u0jjuQ68mvrMBzT7YvmnmIxqhFc9ei7S_Y/edit#gid=2068201365,9-Matter
Evaporation,Video,6,Science and Technology [[विज्ञान तथा प्रविधि]],https://www.khanacademy.org/science/class-9-chemistry/x46dd29ce84a663ea:is-matter-around-us-pure/x46dd29ce84a663ea:methods-to-separate-the-components-of-a-mixture/v/evaporation-is-matter-around-us-pure,9-Matter
Sublimation,Video,6,Science and Technology [[विज्ञान तथा प्रविधि]],https://www.khanacademy.org/science/class-9-chemistry/x46dd29ce84a663ea:is-matter-around-us-pure/x46dd29ce84a663ea:methods-to-separate-the-components-of-a-mixture/v/sublimation-is-matter-around-us-pure,9-Matter
Chromatography,Video,6,Science and Technology [[विज्ञान तथा प्रविधि]],https://www.khanacademy.org/science/class-9-chemistry/x46dd29ce84a663ea:is-matter-around-us-pure/x46dd29ce84a663ea:methods-to-separate-the-components-of-a-mixture/v/basics-of-chromatography,9-Matter
Elements and compounds,Video,7,Science and Technology [[विज्ञान तथा प्रविधि]],https://dlc.dwit.edu.np/chapter/show/2550,9-Matter
Atoms and molecules,Video,7,Science and Technology [[विज्ञान तथा प्रविधि]],https://dlc.dwit.edu.np/chapter/show/894,9-Matter
Matter,Video,7,Science and Technology [[विज्ञान तथा प्रविधि]],https://dlc.dwit.edu.np/chapter/show/2573,9-Matter
The periodic table,Video,8,Science and Technology [[विज्ञान तथा प्रविधि]],https://www.khanacademy.org/science/hs-chemistry/x2613d8165d88df5e:atoms-elements-and-the-periodic-table/x2613d8165d88df5e:the-periodic-table/v/periodic-table-introduction,9-Matter
Apply: The periodic table,Video,8,Science and Technology [[विज्ञान तथा प्रविधि]],https://www.khanacademy.org/science/hs-chemistry/x2613d8165d88df5e:atoms-elements-and-the-periodic-table/x2613d8165d88df5e:the-periodic-table/e/apply-the-periodic-table,9-Matter
Periodic Table of Elements ,Video,8,Science and Technology [[विज्ञान तथा प्रविधि]],https://www.khanacademy.org/humanities/big-history-project/stars-and-elements/knowing-stars-elements/v/bhp-periodic-table-crashcourse,9-Matter
Intro to chemical reactions,Video,8,Science and Technology [[विज्ञान तथा प्रविधि]],https://www.khanacademy.org/science/in-in-class-10-chemistry-india/x87dd2847d57ee419:in-in-chemical-reactions-and-equations/x87dd2847d57ee419:in-in-intro-to-chemical-reactions-equations/v/intro-to-chemical-reactions-chemical-equation-and-reactions-chemistry-khan-academy,9-Matter
Radioactivity,document,9,Science and Technology [[विज्ञान तथा प्रविधि]],https://flexbooks.ck12.org/cbook/ck-12-physics-flexbook-2.0/section/20.7/primary/lesson/radioactivity-phys/,14-Classification of Elements
Intro to chemical reactions,document,9,Science and Technology [[विज्ञान तथा प्रविधि]],https://www.khanacademy.org/science/in-in-class-10-chemistry-india/x87dd2847d57ee419:in-in-chemical-reactions-and-equations/x87dd2847d57ee419:in-in-intro-to-chemical-reactions-equations/v/intro-to-chemical-reactions-chemical-equation-and-reactions-chemistry-khan-academy,14-Classification of Elements
The periodic table,Video,10,Science and Technology [[विज्ञान तथा प्रविधि]],https://www.khanacademy.org/science/hs-chemistry/x2613d8165d88df5e:atoms-elements-and-the-periodic-table/x2613d8165d88df5e:the-periodic-table/v/periodic-table-introduction,14-Classification of Elements
Determine valence electrons using the periodic table,Video,10,Science and Technology [[विज्ञान तथा प्रविधि]],https://www.khanacademy.org/science/hs-chemistry/x2613d8165d88df5e:atoms-elements-and-the-periodic-table/x2613d8165d88df5e:the-periodic-table/a/determine-valence-electrons-using-the-periodic-table,14-Classification of Elements
Balancing chemical equation,interactive,10,Science and Technology [[विज्ञान तथा प्रविधि]],https://phet.colorado.edu/sims/html/balancing-chemical-equations/latest/balancing-chemical-equations_en.html,14-Classification of Elements
Chemical reaction,Video,10,Science and Technology [[विज्ञान तथा प्रविधि]],https://dlc.dwit.edu.np/chapter/show/2477,14-Classification of Elements
Balancing equation,document,10,Science and Technology [[विज्ञान तथा प्रविधि]],https://flexbooks.ck12.org/cbook/ck-12-chemistry-flexbook-2.0/section/11.3/primary/lesson/balancing-equations-chem/,14-Classification of Elements
Ozone depletion,Video,9,Science and Technology [[विज्ञान तथा प्रविधि]],https://www.khanacademy.org/science/ap-college-environmental-science/x0b0e430a38ebd23f:global-change/x0b0e430a38ebd23f:ozone/v/stratospheric-ozone-depletion,15-Chemical reaction
Carbondioxide and its occurance,Video,10,Science and Technology [[विज्ञान तथा प्रविधि]],https://dlc.dwit.edu.np/chapter/show/2478,15-Chemical reaction
Uses of carbondioxide,Video,10,Science and Technology [[विज्ञान तथा प्रविधि]],https://dlc.dwit.edu.np/chapter/show/2480,15-Chemical reaction
Ammonia,Video,10,Science and Technology [[विज्ञान तथा प्रविधि]],https://dlc.dwit.edu.np/chapter/show/2480,15-Chemical reaction
Acid rain,Video,10,Science and Technology [[विज्ञान तथा प्रविधि]],https://www.khanacademy.org/science/ap-college-environmental-science/x0b0e430a38ebd23f:atmospheric-pollution/x0b0e430a38ebd23f:other-atmospheric-pollution/v/acid-rain,15-Chemical reaction
Greenhouse effect and greenhouse gases,Video,10,Science and Technology [[विज्ञान तथा प्रविधि]],https://www.khanacademy.org/science/ap-college-environmental-science/x0b0e430a38ebd23f:global-change/x0b0e430a38ebd23f:greenhouse-effect/v/greenhouse-effect-and-greenhouse-gases,15-Chemical reaction
Green house,Video,10,Science and Technology [[विज्ञान तथा प्रविधि]],https://dlc.dwit.edu.np/chapter/show/351,15-Chemical reaction
Introduction to vitamins and minerals,Video,9,Science and Technology [[विज्ञान तथा प्रविधि]],https://www.khanacademy.org/science/high-school-biology/hs-biology-foundations/hs-biological-macromolecules/v/introduction-to-vitamins-and-minerals,17-Metals and non-metals
Iron and aluminium,Video,10,Science and Technology [[विज्ञान तथा प्रविधि]],https://dlc.dwit.edu.np/chapter/show/2481,17-Metals and non-metals
Hydrocarbon overview,Video,10,Science and Technology [[विज्ञान तथा प्रविधि]],https://dlc.dwit.edu.np/chapter/show/2482,18-Carbon and its compounds
Introduction to hydrocarbon,Video,10,Science and Technology [[विज्ञान तथा प्रविधि]],https://www.khanacademy.org/science/biology/properties-of-carbon/hydrocarbon-structures-and-functional-groups/v/hydrocarbon-overview,18-Carbon and its compounds
Carbon and hydrocarbons,Video,10,Science and Technology [[विज्ञान तथा प्रविधि]],https://www.khanacademy.org/science/ap-biology/chemistry-of-life/elements-of-life/a/carbon-and-hydrocarbons,18-Carbon and its compounds
Hydrocarbons,Document,10,Science and Technology [[विज्ञान तथा प्रविधि]],https://flexbooks.ck12.org/cbook/ck-12-chemistry-flexbook-2.0/section/25.2/primary/lesson/hydrocarbons-ms-ps/,18-Carbon and its compounds
Some useful chemicals,Video,6,Science and Technology [[विज्ञान तथा प्रविधि]],https://dlc.dwit.edu.np/chapter/show/1169,10-materials-used-in-daily-life
Acid,Document,7,Science and Technology [[विज्ञान तथा प्रविधि]],https://flexbooks.ck12.org/cbook/ck-12-chemistry-flexbook-2.0/section/21.1/primary/lesson/properties-of-acids-chem/,10-materials-used-in-daily-life
Base,Document,7,Science and Technology [[विज्ञान तथा प्रविधि]],https://flexbooks.ck12.org/cbook/ck-12-chemistry-flexbook-2.0/section/21.2/primary/lesson/properties-of-bases-chem/,10-materials-used-in-daily-life
Indicators,Document,7,Science and Technology [[विज्ञान तथा प्रविधि]],https://flexbooks.ck12.org/cbook/ck-12-chemistry-flexbook-2.0/section/21.20/primary/lesson/indicators-chem/,10-materials-used-in-daily-life
Acid rain,Video,8,Science and Technology [[विज्ञान तथा प्रविधि]],https://www.khanacademy.org/science/ap-college-environmental-science/x0b0e430a38ebd23f:atmospheric-pollution/x0b0e430a38ebd23f:other-atmospheric-pollution/v/acid-rain,10-materials-used-in-daily-life
"कम्पोष्ट मल प्रयोग गरौँ, उत्पादन बढाऔँ",Document,9,Science and Technology [[विज्ञान तथा प्रविधि]],https://pustakalaya.org/documents/detail/df7d1033-65ee-49f8-a8a3-ba8bce1cc1f7/,19-Materials used in Agriculture
प्राङ्गारिक मल प्रवर्द्धन तथा माटोको उर्वराशक्ति व्यवस्थापन,Document,9,Science and Technology [[विज्ञान तथा प्रविधि]],https://pustakalaya.org/documents/detail/b95175cb-89e3-4de3-a56f-a7051c301280/,19-Materials used in Agriculture
प्राङ्गारिक कृषि,Document,9,Science and Technology [[विज्ञान तथा प्रविधि]],https://pustakalaya.org/documents/detail/cc512987-b2dd-40a5-8061-4d7e2e5323a8/,19-Materials used in Agriculture
सूक्ष्म जीवमा आधारित जैविक विषादी ,Document,9,Science and Technology [[विज्ञान तथा प्रविधि]],https://pustakalaya.org/documents/detail/6494fad7-930a-4908-8707-21c9ae9b46f1/,19-Materials used in Agriculture
Pesticides are Poison,Document,9,Science and Technology [[विज्ञान तथा प्रविधि]],https://pustakalaya.org/documents/detail/0538f881-cf63-4f08-8c45-9e5f80c389bf/,19-Materials used in Agriculture
घरेलु बिषादी बनाउने तरिका,Document,9,Science and Technology [[विज्ञान तथा प्रविधि]],https://pustakalaya.org/documents/detail/09c6c5fe-3cbc-4bb0-b14d-acfc2f4d1481/,19-Materials used in Agriculture
A Handbook of Soil Science,Document,9,Science and Technology [[विज्ञान तथा प्रविधि]],https://pustakalaya.org/documents/detail/0fb487fc-b78e-4a19-a254-4f7ed31e47e7/,19-Materials used in Agriculture
History of life,Video,8,Science and Technology [[विज्ञान तथा प्रविधि]],https://youtu.be/8SgnnV8nV9g,11-Earth and Universe
Senses,Document,6,"Health, Physical and Creative Arts [[स्वास्थ्य, शारीरिक तथा सिर्जनात्मक कला]]",https://flexbooks.ck12.org/cbook/ck-12-biology-flexbook-2.0/section/13.17/primary/lesson/senses-bio/,1-human-body
Skeletal System,Document,6,"Health, Physical and Creative Arts [[स्वास्थ्य, शारीरिक तथा सिर्जनात्मक कला]]",https://flexbooks.ck12.org/cbook/ck-12-biology-flexbook-2.0/section/13.3/primary/lesson/human-skeletal-system-bio/,1-human-body
Muscles,Document,6,"Health, Physical and Creative Arts [[स्वास्थ्य, शारीरिक तथा सिर्जनात्मक कला]]",https://flexbooks.ck12.org/cbook/ck-12-biology-flexbook-2.0/section/13.8/primary/lesson/smooth-skeletal-and-cardiac-muscles-bio/,1-human-body
Skeletal Muscles,Document,6,"Health, Physical and Creative Arts [[स्वास्थ्य, शारीरिक तथा सिर्जनात्मक कला]]",https://flexbooks.ck12.org/cbook/ck-12-biology-flexbook-2.0/section/13.9/primary/lesson/skeletal-muscles-bio/,1-human-body
Air Pollution and Illness,Document,6,"Health, Physical and Creative Arts [[स्वास्थ्य, शारीरिक तथा सिर्जनात्मक कला]]",https://flexbooks.ck12.org/cbook/ck-12-biology-flexbook-2.0/section/13.56/primary/lesson/air-pollution-and-illness-bio/,2-community-health-and-mental-health
पोषण शिक्षा,Document,6,"Health, Physical and Creative Arts [[स्वास्थ्य, शारीरिक तथा सिर्जनात्मक कला]]",https://pustakalaya.org/documents/detail/892a231f-35cd-486c-8a6f-22fdb559a1fc/,3-nutrition-and-food-security
महिला स्वास्थ्य,Document,6,"Health, Physical and Creative Arts [[स्वास्थ्य, शारीरिक तथा सिर्जनात्मक कला]]",https://pustakalaya.org/documents/detail/14c982d4-ee14-4a91-a365-5c81d4723783/,5-sexual-and-reproductive-health
किशोरावस्था (किशोर-किशोरीहरूका प्रजनन स्वास्थ्य सम्बन्धी जिज्ञासा पुस्तिका),Document,6,"Health, Physical and Creative Arts [[स्वास्थ्य, शारीरिक तथा सिर्जनात्मक कला]]",https://pustakalaya.org/documents/detail/04985260-53d8-46e4-8d00-de2efca78722/,5-sexual-and-reproductive-health
महिनावारी (किशोर-किशोरीहरूका प्रजनन स्वास्थ्य सम्बन्धी जिज्ञासा पुस्तिका),Document,6,"Health, Physical and Creative Arts [[स्वास्थ्य, शारीरिक तथा सिर्जनात्मक कला]]",https://pustakalaya.org/documents/detail/bc05e8a2-3f46-403f-ab08-59db7f23d73a/,5-sexual-and-reproductive-health
What to draw and how to draw it,Document,6,"Health, Physical and Creative Arts [[स्वास्थ्य, शारीरिक तथा सिर्जनात्मक कला]]",https://pustakalaya.org/documents/detail/e5b3084d-63ed-4c7b-b6f9-57a08cd56996/,10-introduction-to-arts-line-and-colour
Drawing Made Easy: A Helpful Book For Young Artists,Document,6,"Health, Physical and Creative Arts [[स्वास्थ्य, शारीरिक तथा सिर्जनात्मक कला]]",https://pustakalaya.org/documents/detail/ffe11f14-ed9e-4968-bc25-5a84b81b1c64/,10-introduction-to-arts-line-and-colour
Digestive System,Document,7,"Health, Physical and Creative Arts [[स्वास्थ्य, शारीरिक तथा सिर्जनात्मक कला]]",https://flexbooks.ck12.org/cbook/ck-12-biology-flexbook-2.0/section/13.35/primary/lesson/digestion-bio/,1-human-body
Respiratory System,Document,7,"Health, Physical and Creative Arts [[स्वास्थ्य, शारीरिक तथा सिर्जनात्मक कला]]",https://flexbooks.ck12.org/cbook/ck-12-biology-flexbook-2.0/section/13.29/primary/lesson/respiration-bio/,1-human-body
Circulatory System,Document,7,"Health, Physical and Creative Arts [[स्वास्थ्य, शारीरिक तथा सिर्जनात्मक कला]]",https://flexbooks.ck12.org/cbook/ck-12-biology-flexbook-2.0/section/13.26/primary/lesson/circulatory-system-bio/,1-human-body
 Urinary System,Document,7,"Health, Physical and Creative Arts [[स्वास्थ्य, शारीरिक तथा सिर्जनात्मक कला]]",https://flexbooks.ck12.org/cbook/ck-12-biology-flexbook-2.0/section/13.42/primary/lesson/urinary-system-bio/,1-human-body
Drugs and the Nervous System,Document,7,"Health, Physical and Creative Arts [[स्वास्थ्य, शारीरिक तथा सिर्जनात्मक कला]]",https://flexbooks.ck12.org/cbook/ck-12-biology-flexbook-2.0/section/13.18/primary/lesson/drugs-and-the-nervous-system-bio/,3-nutrition-and-food-security
 Balanced Eating,Document,7,"Health, Physical and Creative Arts [[स्वास्थ्य, शारीरिक तथा सिर्जनात्मक कला]]",https://flexbooks.ck12.org/cbook/ck-12-biology-flexbook-2.0/section/13.40/primary/lesson/balanced-eating-bio/,3-nutrition-and-food-security
 Food and Nutrients,Document,7,"Health, Physical and Creative Arts [[स्वास्थ्य, शारीरिक तथा सिर्जनात्मक कला]]",https://flexbooks.ck12.org/cbook/ck-12-biology-flexbook-2.0/section/13.39/primary/lesson/food-and-nutrients-bio/,3-nutrition-and-food-security
स्वास्थ्य शरीरको लागि सन्तुलित आहार,Document,7,"Health, Physical and Creative Arts [[स्वास्थ्य, शारीरिक तथा सिर्जनात्मक कला]]",https://pustakalaya.org/documents/detail/e8d93b41-a002-477b-afd1-a1dd7a5a51a5/,3-nutrition-and-food-security
खानामा पाइने पोषणहरू,Document,7,"Health, Physical and Creative Arts [[स्वास्थ्य, शारीरिक तथा सिर्जनात्मक कला]]",https://pustakalaya.org/documents/detail/c2904b76-4b20-4297-8365-9080ea76d1ff/,3-nutrition-and-food-security
यौन र यौन सम्बन्ध,Document,7,"Health, Physical and Creative Arts [[स्वास्थ्य, शारीरिक तथा सिर्जनात्मक कला]]",https://pustakalaya.org/documents/detail/643dec26-123d-4811-897f-09b0739b574a/,5-sexual-and-reproductive-health
How to Draw Supercow,Document,7,"Health, Physical and Creative Arts [[स्वास्थ्य, शारीरिक तथा सिर्जनात्मक कला]]",https://pustakalaya.org/documents/detail/c18a8e7d-16e9-448f-a650-d4ff07d15670/,10-introduction-to-arts-line-and-colour
Cat & Dog Draw and Color,Document,7,"Health, Physical and Creative Arts [[स्वास्थ्य, शारीरिक तथा सिर्जनात्मक कला]]",https://pustakalaya.org/documents/detail/8d718a26-0356-489f-8d05-ba56cdc85729/,10-introduction-to-arts-line-and-colour
Central Nervous System,Document,8,"Health, Physical and Creative Arts [[स्वास्थ्य, शारीरिक तथा सिर्जनात्मक कला]]",https://flexbooks.ck12.org/cbook/ck-12-biology-flexbook-2.0/section/13.15/primary/lesson/central-nervous-system-bio/,1-human-body
Hormone,Document,8,"Health, Physical and Creative Arts [[स्वास्थ्य, शारीरिक तथा सिर्जनात्मक कला]]",https://flexbooks.ck12.org/cbook/ck-12-biology-flexbook-2.0/section/13.21/primary/lesson/hormones-bio/,1-human-body
Female Reproductive Organs,Document,8,"Health, Physical and Creative Arts [[स्वास्थ्य, शारीरिक तथा सिर्जनात्मक कला]]",https://flexbooks.ck12.org/cbook/ck-12-biology-flexbook-2.0/section/13.61/primary/lesson/female-reproductive-structures-bio/,1-human-body
Male Reproductive Organs,Document,8,"Health, Physical and Creative Arts [[स्वास्थ्य, शारीरिक तथा सिर्जनात्मक कला]]",https://flexbooks.ck12.org/cbook/ck-12-biology-flexbook-2.0/section/13.58/primary/lesson/male-reproductive-structures-bio/,1-human-body
"चुरोट, रक्सी र लागू पदार्थ",Document,8,"Health, Physical and Creative Arts [[स्वास्थ्य, शारीरिक तथा सिर्जनात्मक कला]]",https://pustakalaya.org/documents/detail/15cf0fca-4b3c-432c-b29c-718a2574525d/,2-community-health-and-mental-health
"यौन रोग, एच.आई.भी. र एड्स",Document,8,"Health, Physical and Creative Arts [[स्वास्थ्य, शारीरिक तथा सिर्जनात्मक कला]]",https://flexbooks.ck12.org/cbook/ck-12-biology-flexbook-2.0/section/13.72/primary/lesson/sexually-transmitted-infections-bio/,5-sexual-and-reproductive-health
STIs,Document,8,"Health, Physical and Creative Arts [[स्वास्थ्य, शारीरिक तथा सिर्जनात्मक कला]]",https://flexbooks.ck12.org/cbook/ck-12-biology-flexbook-2.0/section/13.72/primary/lesson/sexually-transmitted-infections-bio/,5-sexual-and-reproductive-health
Bacterial STIs,Document,8,"Health, Physical and Creative Arts [[स्वास्थ्य, शारीरिक तथा सिर्जनात्मक कला]]",https://flexbooks.ck12.org/cbook/ck-12-biology-flexbook-2.0/section/13.72/primary/lesson/sexually-transmitted-infections-bio/,5-sexual-and-reproductive-health
Viral STIs,Document,8,"Health, Physical and Creative Arts [[स्वास्थ्य, शारीरिक तथा सिर्जनात्मक कला]]",https://flexbooks.ck12.org/cbook/ck-12-biology-flexbook-2.0/section/13.72/primary/lesson/sexually-transmitted-infections-bio/,5-sexual-and-reproductive-health
Carcinogens and Cancer,Document,8,"Health, Physical and Creative Arts [[स्वास्थ्य, शारीरिक तथा सिर्जनात्मक कला]]",https://flexbooks.ck12.org/cbook/ck-12-biology-flexbook-2.0/section/13.55/primary/lesson/carcinogens-and-cancer-bio/,5-sexual-and-reproductive-health
भूकम्पबाट सुरक्षित रहन गर्नुपर्ने पूर्व-तयारी,Document,8,"Health, Physical and Creative Arts [[स्वास्थ्य, शारीरिक तथा सिर्जनात्मक कला]]",https://pustakalaya.org/documents/detail/0314c40f-c60e-4a60-b2b0-b8052922b1d0/,5-sexual-and-reproductive-health
यौन र प्रजनन स्वास्थ्य अधिकार (किशोर-किशोरीहरूका प्रजनन स्वास्थ्य सम्बन्धी जिज्ञासा पुस्तिका),Document,8,"Health, Physical and Creative Arts [[स्वास्थ्य, शारीरिक तथा सिर्जनात्मक कला]]",https://pustakalaya.org/documents/detail/18e006f1-7f7c-486b-bdf3-5a23612d4af1/,5-sexual-and-reproductive-health
Pregnancy,Document,8,"Health, Physical and Creative Arts [[स्वास्थ्य, शारीरिक तथा सिर्जनात्मक कला]]",https://flexbooks.ck12.org/cbook/ck-12-biology-flexbook-2.0/section/13.69/primary/lesson/pregnancy-and-childbirth-bio/,5-sexual-and-reproductive-health
Menstrual Cycle,Document,8,"Health, Physical and Creative Arts [[स्वास्थ्य, शारीरिक तथा सिर्जनात्मक कला]]",https://flexbooks.ck12.org/cbook/ck-12-biology-flexbook-2.0/section/13.64/primary/lesson/menstrual-cycle-bio/,5-sexual-and-reproductive-health
Basketball Education,Document,8,"Health, Physical and Creative Arts [[स्वास्थ्य, शारीरिक तथा सिर्जनात्मक कला]]",https://pustakalaya.org/documents/detail/cc43f2ef-3244-46d1-a7b2-8d582fafa0ff/,5-sexual-and-reproductive-health
कमलामाईको पहिचान,Document,6,Social Studies and Human Value Education [[सामाजिक अध्ययन तथा मानवमूल्य शिक्षा]],https://pustakalaya.org/documents/detail/ebef4794-3b4f-4738-bea9-f1522c3e7315/,1-We and our community
केही राष्ट्रिय विभूतिहरू,Document,6,Social Studies and Human Value Education [[सामाजिक अध्ययन तथा मानवमूल्य शिक्षा]],https://pustakalaya.org/documents/detail/e6a93125-1e17-44cc-80bc-de1809b380bf/,2-Our Human values
केही धार्मिक तथा साँस्कृतिक सम्पदाहरू,Document,6,Social Studies and Human Value Education [[सामाजिक अध्ययन तथा मानवमूल्य शिक्षा]],https://pustakalaya.org/documents/detail/6c2b863a-bfd9-4ec3-af4b-d0fd948a6db3/,2-Our Human values
विविध सांस्कृतिक सम्पदाका धनी लोमान्थाङ्,Document,6,Social Studies and Human Value Education [[सामाजिक अध्ययन तथा मानवमूल्य शिक्षा]],https://pustakalaya.org/documents/detail/b37f1bb8-2648-43ef-aed5-7d163bbebe3e/,2-Our Human values
"हाम्रो सम्पदा: हाम्रो गौरव, हाम्रो दायित्व",Document,6,Social Studies and Human Value Education [[सामाजिक अध्ययन तथा मानवमूल्य शिक्षा]],https://pustakalaya.org/documents/detail/c6ee0330-fac2-4f0f-a870-45bc1dfe69d6/,2-Our Human values
बाल संरक्षण र सुरक्षा,Document,6,Social Studies and Human Value Education [[सामाजिक अध्ययन तथा मानवमूल्य शिक्षा]],https://pustakalaya.org/documents/detail/ab98c4a4-be48-4624-a37c-e3bbdb431cb8/,"3-Civic awareness, Duties and Rights"
बाल अधिकार,Document,6,Social Studies and Human Value Education [[सामाजिक अध्ययन तथा मानवमूल्य शिक्षा]],https://pustakalaya.org/documents/detail/1c13ece0-5df5-4132-9986-97adaddcc10a/,"3-Civic awareness, Duties and Rights"
विपद् र बालबालिका तनाब कम गराउने क्रियाकलाप,Document,6,Social Studies and Human Value Education [[सामाजिक अध्ययन तथा मानवमूल्य शिक्षा]],https://pustakalaya.org/documents/detail/72ba81e1-e2c5-4d6c-822c-4e94c730877d/,7-Our Earth
समाजको उत्पत्ति र विकासक्रम ,Document,7,Social Studies and Human Value Education [[सामाजिक अध्ययन तथा मानवमूल्य शिक्षा]],https://dlc.dwit.edu.np/chapter/show/1060,1-We and our community
जिल्लाका विकास कार्यहरू,Document,7,Social Studies and Human Value Education [[सामाजिक अध्ययन तथा मानवमूल्य शिक्षा]],https://dlc.dwit.edu.np/chapter/show/1066,1-We and our community
नेपालः विविधतामा एकता,Document,7,Social Studies and Human Value Education [[सामाजिक अध्ययन तथा मानवमूल्य शिक्षा]],https://pustakalaya.org/documents/detail/e59c3df1-536b-4ae5-be74-ca325e159296/,2-Our Human values
केही ऐतिहासिक व्यक्तित्व,Document,7,Social Studies and Human Value Education [[सामाजिक अध्ययन तथा मानवमूल्य शिक्षा]],https://dlc.dwit.edu.np/chapter/show/1074,2-Our Human values
National Heroes of Nepal,Document,7,Social Studies and Human Value Education [[सामाजिक अध्ययन तथा मानवमूल्य शिक्षा]],https://pustakalaya.org/documents/detail/f408937a-38d8-4594-8c0b-5b6242dd87f6/,2-Our Human values
राष्ट्रकवि माधव घिमिरे ,Document,7,Social Studies and Human Value Education [[सामाजिक अध्ययन तथा मानवमूल्य शिक्षा]],https://pustakalaya.org/documents/detail/14590e73-5fad-4274-9f67-8674c3e48cb4/,2-Our Human values
नेपालको प्रथम वैज्ञानिक गेहेन्द्रसमसेर,Video,7,Social Studies and Human Value Education [[सामाजिक अध्ययन तथा मानवमूल्य शिक्षा]],https://dlc.dwit.edu.np/chapter/show/1073,2-Our Human values
सामाजिक समस्या र विकृति,Video,7,Social Studies and Human Value Education [[सामाजिक अध्ययन तथा मानवमूल्य शिक्षा]],https://dlc.dwit.edu.np/chapter/show/1075,4-Social problems and Distortions
सामाजिक विकृतिको कारण,Video,7,Social Studies and Human Value Education [[सामाजिक अध्ययन तथा मानवमूल्य शिक्षा]],https://dlc.dwit.edu.np/chapter/show/1076,4-Social problems and Distortions
शान्ति र यसको आवश्यकता,Video,7,Social Studies and Human Value Education [[सामाजिक अध्ययन तथा मानवमूल्य शिक्षा]],https://dlc.dwit.edu.np/chapter/show/1081,4-Social problems and Distortions
मध्यकालीन नेपालको परिचय,Video,7,Social Studies and Human Value Education [[सामाजिक अध्ययन तथा मानवमूल्य शिक्षा]],https://dlc.dwit.edu.np/chapter/show/1102,5-Our past
मध्यकालीन नेपालको सामाजिक अवस्था,Video,7,Social Studies and Human Value Education [[सामाजिक अध्ययन तथा मानवमूल्य शिक्षा]],https://dlc.dwit.edu.np/chapter/show/1104,5-Our past
मध्यकालीन नेपालको आर्थिक अवस्था,Video,7,Social Studies and Human Value Education [[सामाजिक अध्ययन तथा मानवमूल्य शिक्षा]],https://dlc.dwit.edu.np/chapter/show/1105,5-Our past
मध्यकालीन नेपालको कला र संस्कृति,Video,7,Social Studies and Human Value Education [[सामाजिक अध्ययन तथा मानवमूल्य शिक्षा]],https://dlc.dwit.edu.np/chapter/show/1106,5-Our past
कृषि र उद्‍योगबिच सम्बन्ध,Video,7,Social Studies and Human Value Education [[सामाजिक अध्ययन तथा मानवमूल्य शिक्षा]],https://dlc.dwit.edu.np/chapter/show/1112,6-Nepal's Economic activities
धरातलीय स्वरूप,Video,7,Social Studies and Human Value Education [[सामाजिक अध्ययन तथा मानवमूल्य शिक्षा]],https://dlc.dwit.edu.np/chapter/show/1092,7-Our Earth
अक्षांश र देशान्तरको परिचय,Video,7,Social Studies and Human Value Education [[सामाजिक अध्ययन तथा मानवमूल्य शिक्षा]],https://dlc.dwit.edu.np/chapter/show/1091,7-Our Earth
नेपालको भौगोलिक अवस्था,Video,7,Social Studies and Human Value Education [[सामाजिक अध्ययन तथा मानवमूल्य शिक्षा]],https://dlc.dwit.edu.np/chapter/show/1093,7-Our Earth
विविधताको सङ्‍गम नेपाल,Video,7,Social Studies and Human Value Education [[सामाजिक अध्ययन तथा मानवमूल्य शिक्षा]],https://dlc.dwit.edu.np/chapter/show/1094,7-Our Earth
जलवायु परिवर्तन - जानकारी पुस्तिका,Document,7,Social Studies and Human Value Education [[सामाजिक अध्ययन तथा मानवमूल्य शिक्षा]],https://pustakalaya.org/documents/detail/f238251c-6538-4f2c-95eb-25c4e98b76bd/,7-Our Earth
जलवायु परिवर्तन,Video,7,Social Studies and Human Value Education [[सामाजिक अध्ययन तथा मानवमूल्य शिक्षा]],https://dlc.dwit.edu.np/chapter/show/1098,7-Our Earth
जलवायु परिवर्तनको प्रभाव,Video,7,Social Studies and Human Value Education [[सामाजिक अध्ययन तथा मानवमूल्य शिक्षा]],https://dlc.dwit.edu.np/chapter/show/1099,7-Our Earth
"विपद् जोखिम न्यूनीकरण राष्ट्रिय नीति,२०७५",Document,7,Social Studies and Human Value Education [[सामाजिक अध्ययन तथा मानवमूल्य शिक्षा]],https://pustakalaya.org/documents/detail/c93c49c9-6b36-442a-8ad9-db0c270a375f/,7-Our Earth
नक्सा कार्य,Video,7,Social Studies and Human Value Education [[सामाजिक अध्ययन तथा मानवमूल्य शिक्षा]],https://dlc.dwit.edu.np/chapter/show/1095,7-Our Earth
नेपालको जनसङ्ख्याको बनोट,Video,7,Social Studies and Human Value Education [[सामाजिक अध्ययन तथा मानवमूल्य शिक्षा]],https://dlc.dwit.edu.np/chapter/show/1123,8-Population and Its Management
नेपालमा जनसङ्‍ख्या वृद्‌धिको अवस्था,Video,7,Social Studies and Human Value Education [[सामाजिक अध्ययन तथा मानवमूल्य शिक्षा]],https://dlc.dwit.edu.np/chapter/show/1125,8-Population and Its Management
जनसङ्‌ख्या व्यवस्थापन र त्यसका उपाय,Video,7,Social Studies and Human Value Education [[सामाजिक अध्ययन तथा मानवमूल्य शिक्षा]],https://dlc.dwit.edu.np/chapter/show/1127,8-Population and Its Management
जनशक्ति,Video,8,Social Studies and Human Value Education [[सामाजिक अध्ययन तथा मानवमूल्य शिक्षा]],https://dlc.dwit.edu.np/chapter/show/797,1-We and our community
ऊर्जा,Video,8,Social Studies and Human Value Education [[सामाजिक अध्ययन तथा मानवमूल्य शिक्षा]],https://dlc.dwit.edu.np/chapter/show/796,1-We and our community
खाने पानी,Video,8,Social Studies and Human Value Education [[सामाजिक अध्ययन तथा मानवमूल्य शिक्षा]],https://dlc.dwit.edu.np/chapter/show/795,1-We and our community
विकास क्षेत्रको महत्‍त्‍व र सङ्‍घीय राज्य,Video,8,Social Studies and Human Value Education [[सामाजिक अध्ययन तथा मानवमूल्य शिक्षा]],https://dlc.dwit.edu.np/chapter/show/794,1-We and our community
नेपाालमा विकास आयोजना,Video,8,Social Studies and Human Value Education [[सामाजिक अध्ययन तथा मानवमूल्य शिक्षा]],https://dlc.dwit.edu.np/chapter/show/798,1-We and our community
नेपालः विविधतामा एकता,Document,8,Social Studies and Human Value Education [[सामाजिक अध्ययन तथा मानवमूल्य शिक्षा]],https://pustakalaya.org/documents/detail/e59c3df1-536b-4ae5-be74-ca325e159296/,2-Our Human values
नेपाल,Document,8,Social Studies and Human Value Education [[सामाजिक अध्ययन तथा मानवमूल्य शिक्षा]],https://pustakalaya.org/documents/detail/5f025b96-c339-4f05-8a8e-337d8b61824e/,2-Our Human values
नेेपालका सामाजिक परम्परा र प्रचलन,Video,8,Social Studies and Human Value Education [[सामाजिक अध्ययन तथा मानवमूल्य शिक्षा]],https://dlc.dwit.edu.np/chapter/show/799,2-Our Human values
सुन्दर फुलबारी नेपाल,Video,8,Social Studies and Human Value Education [[सामाजिक अध्ययन तथा मानवमूल्य शिक्षा]],https://dlc.dwit.edu.np/chapter/show/801,2-Our Human values
नेपालका संरक्षित क्षेत्रहरू,Document,8,Social Studies and Human Value Education [[सामाजिक अध्ययन तथा मानवमूल्य शिक्षा]],https://pustakalaya.org/documents/detail/1c7e8392-a93f-4307-b506-f8216522697e/,2-Our Human values
राष्ट्रिय सम्पदा,Video,8,Social Studies and Human Value Education [[सामाजिक अध्ययन तथा मानवमूल्य शिक्षा]],https://dlc.dwit.edu.np/chapter/show/802,2-Our Human values
अन्तर्राष्‍ट्रिय व्यक्तित्व,Video,8,Social Studies and Human Value Education [[सामाजिक अध्ययन तथा मानवमूल्य शिक्षा]],https://dlc.dwit.edu.np/chapter/show/803,2-Our Human values
हाम्रो संविधानका विशेषताहरू,Video,8,Social Studies and Human Value Education [[सामाजिक अध्ययन तथा मानवमूल्य शिक्षा]],https://dlc.dwit.edu.np/chapter/show/816,"3-Civic awareness, Duties and Rights"
स्वतन्त्र न्यायपालिका,Document,8,Social Studies and Human Value Education [[सामाजिक अध्ययन तथा मानवमूल्य शिक्षा]],https://pustakalaya.org/documents/detail/0ffa24dd-b343-4a19-929c-08c73658be8f/,"3-Civic awareness, Duties and Rights"
न्यायपलिका,Video,8,Social Studies and Human Value Education [[सामाजिक अध्ययन तथा मानवमूल्य शिक्षा]],https://dlc.dwit.edu.np/chapter/show/820,"3-Civic awareness, Duties and Rights"
सामाजिक समस्याहरू,Video,8,Social Studies and Human Value Education [[सामाजिक अध्ययन तथा मानवमूल्य शिक्षा]],https://dlc.dwit.edu.np/chapter/show/815,"3-Civic awareness, Duties and Rights"
नागरिक दायित्‍व,Video,8,Social Studies and Human Value Education [[सामाजिक अध्ययन तथा मानवमूल्य शिक्षा]],https://dlc.dwit.edu.np/chapter/show/817,"3-Civic awareness, Duties and Rights"
मौलिक हक कार्यान्वयनमा विधायिका र कार्यपालिकाको भूमिका,Document,8,Social Studies and Human Value Education [[सामाजिक अध्ययन तथा मानवमूल्य शिक्षा]],https://pustakalaya.org/documents/detail/b4c119f6-6c22-42b0-9458-8de563b4beb2/,"3-Civic awareness, Duties and Rights"
सामाजिक समस्याहरू,Video,8,Social Studies and Human Value Education [[सामाजिक अध्ययन तथा मानवमूल्य शिक्षा]],https://dlc.dwit.edu.np/chapter/show/804,4-Social problems and Distortions
भ्रष्‍टाचार,Video,8,Social Studies and Human Value Education [[सामाजिक अध्ययन तथा मानवमूल्य शिक्षा]],https://dlc.dwit.edu.np/chapter/show/805,4-Social problems and Distortions
लागु पदार्थ दुर्वेसन,Video,8,Social Studies and Human Value Education [[सामाजिक अध्ययन तथा मानवमूल्य शिक्षा]],https://dlc.dwit.edu.np/chapter/show/806,4-Social problems and Distortions
अन्‍तर्राष्‍ट्रिय सङ्‌घ संस्थाहरु,Video,8,Social Studies and Human Value Education [[सामाजिक अध्ययन तथा मानवमूल्य शिक्षा]],https://dlc.dwit.edu.np/chapter/show/810,4-Social problems and Distortions
वन्द र त्यस्का व्यवस्थापनद्वन्द र त्यस्का व्यवस्थापन,Video,8,Social Studies and Human Value Education [[सामाजिक अध्ययन तथा मानवमूल्य शिक्षा]],https://dlc.dwit.edu.np/chapter/show/807,4-Social problems and Distortions
दिगो विकास,Video,8,Social Studies and Human Value Education [[सामाजिक अध्ययन तथा मानवमूल्य शिक्षा]],https://dlc.dwit.edu.np/chapter/show/808,4-Social problems and Distortions
सुशासन,Video,8,Social Studies and Human Value Education [[सामाजिक अध्ययन तथा मानवमूल्य शिक्षा]],https://dlc.dwit.edu.np/chapter/show/809,4-Social problems and Distortions
ग्रिस र रोमको सभ्यता,Video,8,Social Studies and Human Value Education [[सामाजिक अध्ययन तथा मानवमूल्य शिक्षा]],https://dlc.dwit.edu.np/chapter/show/840,5-Our past
पुनर्जागरण,Video,8,Social Studies and Human Value Education [[सामाजिक अध्ययन तथा मानवमूल्य शिक्षा]],https://dlc.dwit.edu.np/chapter/show/841,5-Our past
मुद्रा,Video,8,Social Studies and Human Value Education [[सामाजिक अध्ययन तथा मानवमूल्य शिक्षा]],https://dlc.dwit.edu.np/chapter/show/844,6-Nepal's Economic activities
Deerwalk; बैँक,Video,8,Social Studies and Human Value Education [[सामाजिक अध्ययन तथा मानवमूल्य शिक्षा]],https://dlc.dwit.edu.np/chapter/show/845,6-Nepal's Economic activities
वैदेशिक व्यापार,Video,8,Social Studies and Human Value Education [[सामाजिक अध्ययन तथा मानवमूल्य शिक्षा]],https://dlc.dwit.edu.np/chapter/show/843,6-Nepal's Economic activities
ऋतु परिवर्तन,Video,8,Social Studies and Human Value Education [[सामाजिक अध्ययन तथा मानवमूल्य शिक्षा]],https://dlc.dwit.edu.np/chapter/show/821,7-Our Earth
मौसम र हावापानी,Video,8,Social Studies and Human Value Education [[सामाजिक अध्ययन तथा मानवमूल्य शिक्षा]],https://dlc.dwit.edu.np/chapter/show/822,7-Our Earth
जलवायु परिवर्तन - जानकारी पुस्तिका,Document,8,Social Studies and Human Value Education [[सामाजिक अध्ययन तथा मानवमूल्य शिक्षा]],https://pustakalaya.org/documents/detail/f238251c-6538-4f2c-95eb-25c4e98b76bd/,7-Our Earth
जलवायु परिवर्तन : शब्दावली,Document,8,Social Studies and Human Value Education [[सामाजिक अध्ययन तथा मानवमूल्य शिक्षा]],https://pustakalaya.org/documents/detail/017dd5ae-b262-477d-8dd8-ce2fa371deb8/,7-Our Earth
जलवायु परिवर्तन,Video,8,Social Studies and Human Value Education [[सामाजिक अध्ययन तथा मानवमूल्य शिक्षा]],https://dlc.dwit.edu.np/chapter/show/824,7-Our Earth
"विपद् जोखिम न्यूनीकरण राष्ट्रिय नीति,२०७५",Document,8,Social Studies and Human Value Education [[सामाजिक अध्ययन तथा मानवमूल्य शिक्षा]],https://pustakalaya.org/documents/detail/c93c49c9-6b36-442a-8ad9-db0c270a375f/,7-Our Earth
भूकम्प,Video,8,Social Studies and Human Value Education [[सामाजिक अध्ययन तथा मानवमूल्य शिक्षा]],https://dlc.dwit.edu.np/chapter/show/828,7-Our Earth
हावाहुरी,Video,8,Social Studies and Human Value Education [[सामाजिक अध्ययन तथा मानवमूल्य शिक्षा]],https://dlc.dwit.edu.np/chapter/show/829,7-Our Earth
नेपाालको नक्सा,Video,8,Social Studies and Human Value Education [[सामाजिक अध्ययन तथा मानवमूल्य शिक्षा]],https://dlc.dwit.edu.np/chapter/show/827,7-Our Earth
जनसङ्ख्या परिवर्तनका निर्धारकहरू,Video,8,Social Studies and Human Value Education [[सामाजिक अध्ययन तथा मानवमूल्य शिक्षा]],https://dlc.dwit.edu.np/chapter/show/857,8-Population and Its Management
नेपालको जनसङ्‍ख्या बनोट,Video,8,Social Studies and Human Value Education [[सामाजिक अध्ययन तथा मानवमूल्य शिक्षा]],https://dlc.dwit.edu.np/chapter/show/858,8-Population and Its Management
नेपालमा आन्तरिक र बाह्‍य बसाइँ सराइ,Video,8,Social Studies and Human Value Education [[सामाजिक अध्ययन तथा मानवमूल्य शिक्षा]],https://dlc.dwit.edu.np/chapter/show/860,8-Population and Its Management
शान्तिको अवधारणा,Video,9,Social Studies and Human Value Education [[सामाजिक अध्ययन तथा मानवमूल्य शिक्षा]],https://dlc.dwit.edu.np/chapter/show/2280,4-Social problems and Distortions
लैङ्गिक हिंसा विरूद्धको सचेतना पुस्तिका २०६७,Document,9,Social Studies and Human Value Education [[सामाजिक अध्ययन तथा मानवमूल्य शिक्षा]],https://pustakalaya.org/documents/detail/513715e5-4339-4d2f-a1f8-4db7e8ef102c/,4-Social problems and Distortions
सामाजिक समस्या र विकृति,Video,9,Social Studies and Human Value Education [[सामाजिक अध्ययन तथा मानवमूल्य शिक्षा]],https://dlc.dwit.edu.np/chapter/show/2280,4-Social problems and Distortions
"विपद् जोखिम न्यूनीकरण राष्ट्रिय नीति,२०७५",Document,9,Social Studies and Human Value Education [[सामाजिक अध्ययन तथा मानवमूल्य शिक्षा]],https://pustakalaya.org/documents/detail/c93c49c9-6b36-442a-8ad9-db0c270a375f/,7-Our Earth
बसाइँ सराइ,Document,9,Social Studies and Human Value Education [[सामाजिक अध्ययन तथा मानवमूल्य शिक्षा]],https://pustakalaya.org/documents/detail/f5ec43b1-1afb-49c8-a32c-92ed85bece0f/,8-Population and Its Management
नेपाल,Document,10,Social Studies and Human Value Education [[सामाजिक अध्ययन तथा मानवमूल्य शिक्षा]],https://pustakalaya.org/documents/detail/5f025b96-c339-4f05-8a8e-337d8b61824e/,1-We and our community
निर्वाचन प्रणालीको प्रारुप,Document,10,Social Studies and Human Value Education [[सामाजिक अध्ययन तथा मानवमूल्य शिक्षा]],https://pustakalaya.org/documents/detail/064a1f42-07ed-45cb-b75c-c8791077805a/,"3-Civic awareness, Duties and Rights"
Literature Review on Harmful Practices in Nepal,Document,10,Social Studies and Human Value Education [[सामाजिक अध्ययन तथा मानवमूल्य शिक्षा]],https://pustakalaya.org/documents/detail/4f24ce8d-de3e-420a-8bd2-493b3fdcbc14/,4-Social problems and Distortions
Tourism Vision 2020,Document,10,Social Studies and Human Value Education [[सामाजिक अध्ययन तथा मानवमूल्य शिक्षा]],https://pustakalaya.org/documents/detail/4cdf74fa-b254-4893-9425-aa69f5f1d5c1/,6-Nepal's Economic activities
A Window to the Himalayas (Climate Witness Story),Document,10,Social Studies and Human Value Education [[सामाजिक अध्ययन तथा मानवमूल्य शिक्षा]],https://pustakalaya.org/documents/detail/72a487da-58a7-4f0d-9d91-f6740054eb97/,6-Nepal's Economic activities
भूकम्पीय जोखिम तथा पूर्वतयारीका उपायहरू,Document,10,Social Studies and Human Value Education [[सामाजिक अध्ययन तथा मानवमूल्य शिक्षा]],https://pustakalaya.org/documents/detail/ca58f3fb-922b-4fa3-996c-2076d1f2364b/,7-Our Earth
"गोरखा भुकम्प (अनुभव र सिकाइ), २०७२",Document,10,Social Studies and Human Value Education [[सामाजिक अध्ययन तथा मानवमूल्य शिक्षा]],https://pustakalaya.org/documents/detail/0d08769a-e87e-40f6-b469-be62b19cbaaa/,7-Our Earth
भूकम्प सुरक्षा दिवस मार्गदर्शन,Document,10,Social Studies and Human Value Education [[सामाजिक अध्ययन तथा मानवमूल्य शिक्षा]],https://pustakalaya.org/documents/detail/9a9ee3a7-6f6e-47b2-9524-f2eed373785c/,7-Our Earth